New Participant,,
0,0,0.015,0.015
-0.1254664,1.502147,0.4300486,0.433598
-0.279063,1.500406,0.1459371,0.3229726
-0.400026,1.507103,0.0542854,0.1517632
-0.3928911,1.520849,0.07314799,0.02016688
-0.4296009,1.505775,0.05024247,0.04326972
-0.4480574,1.605058,0.1914509,0.1424095
-0.425745,1.60206,0.1732606,0.02878775
-0.2506448,1.523812,0.794487,0.6454319
-0.1520346,1.469659,1.652215,0.8633783
-0.1209378,1.536142,1.991984,0.3411885
0.0369277,1.4976,2.078355,-0.1799484
0.01695121,1.476698,1.870381,0.2089314
0.1109167,1.414197,1.459182,0.4217988
0.2074848,1.397857,1.341687,0.152087
0.03170546,1.453134,0.8823851,0.4917889

New Participant,,
0,0,0.015,0.015
-0.1971333,1.531365,-0.06089517,0.2112383
0.02339461,1.530812,-0.2858492,0.3150188
0.1252871,1.532222,-0.2135855,0.1249165
0.6741526,1.472927,-0.4384536,0.5931433
1.197778,1.431486,-0.6358138,0.5595842
1.535304,1.314858,-0.6543968,0.3380375
1.557968,1.289093,-0.6600642,0.02336204
1.554198,1.293711,-0.6514073,0.009442333
1.561673,1.290832,-0.6297904,0.02287275
1.504731,1.534262,-0.5858248,0.07193933
1.605751,1.338118,-0.6529775,0.121303
1.6061,1.324938,-0.6393213,0.01366067
1.572451,1.331896,-0.6444929,0.03404465
1.516097,1.35592,-0.6908385,0.07296304
1.579076,0.9964761,-0.550809,0.1535401
1.427451,1.535825,-0.4773266,0.1684924
1.234507,1.514103,-0.6545617,0.2619922
1.035745,1.403247,-0.5863442,0.210142
0.5164201,1.365767,-0.2748667,0.6055716
0.2400307,1.299871,0.3572505,0.6899009
0.1729861,1.335437,0.9296604,0.5763229
-0.05860385,1.392448,1.549922,0.6620863
-0.1043245,1.476034,2.048576,-0.5007458
-0.007757662,1.451757,2.225423,-0.2014945
-0.0451523,1.44937,2.322377,-0.1039158
-0.05197647,1.423112,2.298551,-0.02478437
-0.002854845,1.402614,2.452496,-0.1615916
-0.3336032,0.9183685,2.682122,-0.4026444
-0.2686206,0.7721285,2.750858,-0.09459097

-1.226759,1.4883,0.2578494,0.2660003
-0.1753706,0.7746985,2.614102,-2.580182
-0.1750448,0.7745603,2.613584,-0.0006117759

New Participant,,
0,0,0.015,0.015
-0.06153354,1.50507,-0.04227789,0.08406625
0.01450463,1.501472,-0.04285977,0.07604039
0.4215049,1.46408,-0.3393225,0.503527
0.7129688,1.459005,-0.8232914,0.5649576
0.8112772,1.625709,-0.8471388,0.1011595

-0.6172246,0.7519131,1.929565,0.8262109
-0.6491355,1.004318,1.485975,0.4447367
-0.8568426,0.9573157,0.8594424,0.6600646
-0.677194,0.7801271,0.4925373,0.4085253

New Participant,,
0,0,0.015,0.015
-0.7671397,1.528021,0.2219023,0.7945513
-1.275198,1.432367,-0.09512498,0.598857
-1.47417,1.391605,-0.1751419,0.2144584
-1.826505,1.404952,-0.263887,0.3633398
-1.819473,1.403361,-0.2904695,0.0274969
-1.789573,1.411525,-0.2532611,0.0477334
-1.651713,1.417052,-0.3197718,0.1530657
-1.717342,1.4095,-0.3309502,0.0665749
-1.207138,1.407681,-0.2975963,0.5112936
-0.9995512,1.4426,-0.3211699,0.2089209
-1.273585,1.389519,-0.2521449,0.2825936
-1.681316,1.386067,-0.2109815,0.4098037
-1.007264,1.622583,-0.1256222,0.6794361
-0.9343004,1.595575,0.2871667,0.4191876
-0.7209778,1.687457,0.9173173,0.6652791
-0.3962874,1.370011,1.747534,0.8914503
-0.1332978,1.187465,2.425444,-0.7271349
-0.1878946,0.8185956,2.654589,-0.2355599
-0.205736,0.7784474,2.640505,-0.02273059

New Participant,,
0,0,0.015,0.015
-0.6864814,1.549899,0.4951652,0.8377442
-0.7263408,1.464948,0.5642102,0.07972446
-0.8883528,1.567353,0.2900392,0.3184614
-1.044664,1.505568,0.077113,0.2641413
-1.29982,1.416801,-0.06558055,0.2923461
-1.34757,1.417651,-0.1985094,0.1412451
-1.024094,1.492767,-0.2916636,0.3366221
-1.10991,1.473539,-0.3137649,0.08861669
-1.396835,1.461521,-0.2551292,0.2928549
-1.407495,1.462377,-0.2611863,0.01226
-1.44621,1.421395,-0.3801719,0.1251257
-1.72531,1.434428,-0.4230243,0.2823704
-1.695857,1.533734,-0.2785706,0.1474258
-1.967453,1.427505,-0.4403231,0.3161148
-2.201315,1.48555,-0.4319499,-0.2340112
-2.203065,1.489413,-0.3570465,-0.07492383
-1.826521,1.539935,-0.2368964,0.3952488

0.2147306,1.599061,-0.2457904,0.2380977
0.3521575,1.484968,-0.1782017,0.1531482
0.7042783,1.543608,-0.1619703,0.3524947
1.260455,1.450944,-0.03007954,0.5716007
1.102489,1.47895,0.01679955,0.1647745
0.8050616,1.50066,-0.02927354,0.3009752
0.8519667,1.481003,0.009019313,0.0605511
1.287698,1.465508,-0.08708097,0.4462027
1.188041,1.483939,-0.05399399,0.1050054
0.8002755,1.509216,0.04871254,0.4011372
0.5866871,1.499918,0.07278559,0.2149407

New Participant,,
0,0,0.015,0.015
0.5520383,1.498406,0.08211128,0.5561027
0.6741779,1.483761,0.04429035,0.1278613
0.971904,1.468224,-0.0005764654,0.3010878
1.269694,1.450372,0.004261465,0.2978293
1.358538,1.456293,-0.008662156,0.08977874
1.355424,1.461341,-0.01756318,0.009429772
0.9600087,1.491521,0.04907017,0.4009908
1.071597,1.483904,0.02669938,0.113809
1.323712,1.476959,-0.02325871,0.2570163
1.328776,1.4776,-0.02065457,0.005694892
1.355672,1.48392,-0.02215865,0.02693743
1.501405,1.479086,0.1742779,0.244593
1.694478,1.469949,0.1529973,0.1942418
1.567718,1.473743,0.1703458,0.1279415
1.349529,1.486824,0.1775138,0.2183068

New Participant,,
0,0,0.015,0.015
-0.7695326,1.537265,0.3310707,0.8319141
-0.6924993,1.540111,0.3212435,0.07765758
-0.798198,1.464439,0.3496476,0.1094486
-1.121706,1.438456,0.07821915,0.4222923
-1.161155,1.48066,-0.02639717,0.1118071
-0.7995308,1.470878,0.3251182,0.5043166
-0.9515951,1.491689,0.07851569,0.2897177
-0.9810084,1.488022,-0.05618259,0.1378723
-0.9941065,1.488414,-0.1007862,0.04648697
-1.003026,1.481114,-0.124267,0.0251179
-0.9969598,1.482192,-0.1254756,0.00618555
-1.298049,1.449332,-0.1151211,0.3012674
-1.424278,1.456634,-0.1100139,0.126332
-1.423387,1.460481,-0.1062321,0.003885365
-1.382253,1.469817,-0.1178514,0.04274346
-1.167976,1.477912,-0.2526357,0.2531428
-1.466668,1.467929,-0.15223,0.3151164
-1.461831,1.466792,-0.160437,0.009526427
-1.214808,1.473375,-0.1988235,0.2499883
-1.306432,1.468247,-0.1944109,0.09173105
-1.28961,1.454476,-0.1997707,0.0176559
-1.121322,1.468578,-0.2520689,0.176227
-1.718616,1.334653,-0.1461066,0.6066209
-0.9939371,1.47968,-0.2509385,0.7322226
-1.391325,1.435105,-0.1913428,0.4018316
-1.484536,1.432571,-0.149317,0.1022472
-1.018588,1.484973,-0.2404818,0.4747826
-1.064558,1.483144,-0.2211955,0.04985153
-1.289137,1.482966,-0.1728695,0.2297197
-1.29986,1.48063,-0.1826659,0.01452467
-1.287096,1.480214,-0.1721372,0.01654607
-1.384391,1.461611,-0.1615725,0.09786635
-1.430554,1.41454,-0.1501548,0.04755399
-1.421043,1.439468,-0.135222,0.01770457
-1.396437,1.443587,-0.1480108,0.02773044
-1.387862,1.472122,-0.1761358,0.02940335
-1.405659,1.426262,-0.1872268,0.02097008
-1.408189,1.447742,-0.1749491,0.01253583
-1.407938,1.460659,-0.08176537,0.09318405
-1.411381,1.43025,-0.09137271,0.01020565
-1.488003,1.406421,-0.1052835,0.07787441
-1.337574,1.440693,-0.01161083,0.1772107
-1.354085,1.401824,-0.03923334,0.0321814
-1.361281,1.425369,-0.0455029,0.009543882
-1.520127,1.393796,-0.1027829,0.1688582
-1.499625,1.40459,-0.1058486,0.02073003
-1.462144,1.461071,-0.1073057,0.03750939
-1.410512,1.489895,-0.0861555,0.05579617
-1.517802,1.418684,-0.1241709,0.1138256
-1.491949,1.461765,-0.1109277,0.02904766
-0.9419314,1.537757,0.04281781,0.5711012

New Participant,,
0,0,0.015,0.015
-1.08692,1.510414,0.2298442,1.10795
-1.099101,1.532016,0.1896091,0.04203852
-1.444616,1.431613,0.1152028,0.3534352
-1.522566,1.445876,0.05010268,0.1015595
-1.364423,1.457616,-0.06865376,0.1977688
-1.378105,1.463349,-0.03722125,0.03428114
-1.316402,1.474808,0.07395507,0.127151
-1.00184,1.469985,0.2334018,0.3526648
-0.9027183,1.494753,-0.07009409,0.3192724
-0.605229,1.498108,0.03238,0.3146439
-0.4489492,1.532739,0.1308131,0.1846955
-0.5011254,1.583876,0.1925975,0.08086817

New Participant,,
0,0,0.015,0.015
-0.8318141,1.546958,0.2835019,0.8740754
-1.029864,1.470386,-0.009519381,0.3536739
-1.30174,1.454019,-0.05908721,0.2763581
-0.8935334,1.589707,0.06024205,0.425291
-0.9036841,1.514765,0.1236722,0.06423723
-0.9355705,1.501239,-0.02022211,0.147385
-0.9702832,1.518505,-0.06864692,0.05958128
-0.7361442,1.554529,0.1619799,0.3286484
-1.024661,1.478411,-0.1561541,0.429478
-1.389166,1.467695,-0.1046804,0.3681211
-1.485694,1.397423,-0.08005666,0.09961925
-1.480249,1.406927,-0.09484892,0.01576242
-1.213327,1.517117,-0.1518605,0.2729433
-1.346128,1.4769,-0.09450664,0.1446568
-1.532106,1.456659,-0.04000724,0.1937992
-1.641833,1.468936,-0.1674905,0.1682021
-1.73863,1.463589,0.00446434,0.1973277
-1.767083,1.475036,-0.02999319,0.04468639
-1.784861,1.489394,-0.03457001,0.0183583
-1.802346,1.523191,-0.07457158,0.04365597
-1.61741,1.534128,-0.1059997,0.187588
-1.316523,1.510993,-0.2106075,0.3185522
-1.673564,1.51067,-0.08768174,0.3776097
-1.718867,1.518697,-0.09921438,0.04674763
-1.700634,1.519478,-0.07894713,0.02726148
-1.471995,1.517494,-0.1655035,0.2444747
-1.366763,1.57293,0.05221765,0.2418188
-1.19195,1.579034,0.1559715,0.2032845
-0.8611182,1.568836,0.07878488,0.3397165
-0.8659587,1.571161,0.05717461,0.02214575
-0.8659442,1.576157,0.06854854,0.01137394
-0.8441816,1.588705,0.06010528,0.02334309
-1.237056,1.546242,0.1791557,0.4105154
-1.599637,1.517269,0.2259331,0.3655864
-1.257478,1.54758,0.3098991,0.3523107
-1.092489,1.555737,0.4744781,0.2330402
-0.774954,1.550504,0.2956901,0.3644084
-1.445983,1.529214,0.1227591,0.6929536
-1.718839,1.557247,0.1503054,0.2742431
-1.707301,1.559442,0.133777,0.02015722

New Participant,,
0,0,0.015,0.015
-0.8704677,1.580699,0.2734824,0.9080348
-0.9237648,1.489483,0.3490958,0.09250922
-1.361356,1.503626,0.1364076,0.4865409
-1.744186,1.519004,0.05811621,0.3907536
-1.793032,1.520886,0.08199699,0.05437117
-1.696136,1.511246,0.04890252,0.1023915
-1.788822,1.553022,0.1582944,0.1433783
-1.769097,1.502269,0.1514881,0.02086703
-1.701568,1.460261,0.3294398,0.1903336
-1.726541,1.527034,0.04838659,0.2821605
-1.338999,1.510984,0.04013849,0.3876297
-1.393777,1.507345,0.008725487,0.06314589
-1.52263,1.502317,0.03195129,0.1309296
-1.499719,1.504469,0.02979894,0.02301183
-1.107738,1.519293,-0.05138437,0.4002991
-0.839108,1.486299,-0.1075229,0.2744336
-1.077055,1.485879,-0.05229487,0.2442727
-1.204901,1.496519,-0.08231042,0.1313214
-1.281773,1.492128,-0.03332262,0.0911547
-1.246897,1.502808,-0.04187453,0.03590953
-1.230422,1.506009,-0.05297922,0.01986753
-1.229625,1.505877,-0.05524996,0.002406561
-1.24352,1.503947,-0.04578453,0.01681219
-1.274223,1.495405,-0.05808777,0.03307684
-0.7875991,1.505043,-0.2070722,0.50892
-1.334397,1.500587,-0.01611169,0.5791834
-0.9044047,1.534209,-0.1707929,0.4569675
-1.386883,1.531336,-0.02660884,0.5035613
-1.394984,1.515884,-0.07410143,0.04817863
-1.694439,1.496944,-0.02005535,0.3042931
-1.66011,1.504127,-0.002670783,0.03847996
-1.481648,1.516159,-0.03492003,0.1813525
-1.542004,1.469656,-0.03645572,0.06037532
-1.55914,1.451597,-0.04529777,0.01928325
-1.45821,1.528155,-0.0481476,0.1009701
-1.500448,1.524016,-0.02067731,0.05038487
-1.505582,1.465315,-0.03551964,0.01570505
-1.497421,1.497726,-0.07770326,0.04296572
-1.576509,1.489795,-0.06311107,0.08042264
-1.732179,1.467946,-0.02483733,0.160306
-1.597841,1.48952,-0.03283243,0.1345755
-1.506582,1.508218,-0.05006259,0.09287156
-1.506945,1.51004,-0.05080918,0.000830055
-1.487762,1.57374,-0.02128416,0.03520954
-1.476972,1.573206,-0.03159073,0.0149211
-1.48233,1.543507,-0.05197632,0.02107805
-1.484869,1.414111,-0.08461224,0.03273446
-1.482313,1.413288,-0.07987268,0.005384823
-1.252445,1.462066,-0.02810958,0.2356234
-1.107149,1.503479,-0.06115528,0.1490073
-1.105794,1.515833,-0.05747879,0.00391814
-1.149283,1.607278,-0.09401321,0.05679856
-1.158842,1.608931,-0.08852722,0.0110213
-1.156464,1.60567,-0.08416706,0.004966585
-1.163534,1.606658,-0.09139189,0.01010878
-1.165605,1.605693,-0.08486138,0.006851078
-1.16498,1.603876,-0.08866549,0.003855094
-1.16094,1.603414,-0.08298293,0.006972516
-1.148758,1.595494,-0.1203533,0.03930563
-1.133629,1.356169,-0.3619623,0.2420823
-1.13779,1.580041,-0.001006541,0.3609798
-1.148534,1.598446,0.02821073,0.03113033
-1.169675,1.612257,-0.03781138,0.06932419
-1.177723,1.607943,-0.04292012,0.009532497
-1.160629,1.605315,-0.04273375,0.01709455
-1.15534,1.609267,-0.03089007,0.01297096
-1.183383,1.546575,-0.1107936,0.08468163
-1.338536,1.469927,-0.09888098,0.1556089
-1.453396,1.514653,-0.1033235,0.1149464
-1.402716,1.574329,-0.09846332,0.05091219
-1.300167,1.605898,-0.02306659,0.1272832
-1.322316,1.60515,-0.01863569,0.0225877
-1.284793,1.571032,-0.03989403,0.04312681
-1.141151,1.51945,-0.09148461,0.1526258
-1.487094,1.52997,-0.07498346,0.3463364
-1.34623,1.542375,-0.07743769,0.1408847
-1.26309,1.53875,-0.08208026,0.08327025
-1.364595,1.408501,-0.05801401,0.1043196
-1.414352,1.383953,-0.052937,0.05001523
-1.494135,1.371679,-0.04793148,0.07994007
-1.487348,1.459747,-0.03545898,0.01419956
-1.6086,1.503658,-0.0554556,0.12289
-1.707573,1.479435,-0.05532192,0.09897301
-1.671126,1.487728,-0.05039097,0.03677992
-1.370495,1.51958,-0.05888326,0.3007507
-1.47253,1.514893,-0.06978214,0.1026152
-1.657567,1.496651,-0.06060829,0.1852645
-1.523219,1.521917,-0.05635027,0.1344155
-1.593168,1.440174,-0.06609139,0.07062464
-1.639701,1.485672,-0.09090676,0.05273571
-1.712188,1.433119,-0.1028571,0.07346559
-1.644878,1.480504,-0.117994,0.06899122
-1.432342,1.521695,-0.1054285,0.2129064
-1.159122,1.492725,-0.04288558,0.2802875
-1.522463,1.522461,-0.002124726,0.3656205
-1.24519,1.507656,-0.150657,0.3145512
-1.068927,1.497651,-0.221614,0.1900085
-1.176993,1.520809,-0.1951091,0.1112685
-1.304077,1.519214,-0.1494845,0.1350255
-1.024399,1.612126,0.03546044,0.3352971
-0.8353461,1.598637,-0.01083011,0.1946379
-0.8579884,1.593073,-0.01365125,0.02281733
-0.8574115,1.591468,-0.003386796,0.01028065
-0.898218,1.614372,0.07841799,0.09141768
-0.8740548,1.608182,0.02965595,0.05442053
-0.8651779,1.600468,0.01244031,0.01936954
-0.8643996,1.593722,0.009856889,0.002698099
-1.201387,1.515757,-0.02717039,0.3390156
-1.512867,1.497195,-0.01898434,0.3115876
-1.609446,1.472685,-0.02003046,0.09658414
-1.537216,1.522195,-0.03140709,0.07312032
-1.448793,1.515739,-0.02387546,0.08874272
-1.168358,1.51557,-0.04511996,0.2812386
-1.056366,1.556123,-0.01685901,0.1155032
-1.219981,1.604445,-0.03673398,0.1648177
-1.291572,1.615546,-0.0506185,0.07292558
-1.296504,1.584816,-0.09482875,0.04448446
-1.284081,1.580945,-0.2655808,0.1712033
-1.332225,1.681759,-0.5557382,0.2941242
-1.328995,1.621723,-0.5012915,0.05454232
-1.496146,1.535264,-0.2232927,0.3243803
-1.226897,1.523517,-0.06561261,0.3120228
-1.487042,1.50342,0.03574987,0.279195
-1.516515,1.50099,0.02400251,0.03172772
-1.100041,1.511059,-0.009139976,0.4177906
-1.111921,1.506712,-0.009366189,0.01188243
-0.8911114,1.494619,-0.1538291,0.263868
-1.073951,1.493749,-0.1035283,0.1896323
-1.213056,1.50515,-0.0787501,0.141295
-1.202317,1.505783,-0.072333,0.01250997
-1.2061,1.506125,-0.05976016,0.01312957
-1.207112,1.503932,-0.06279649,0.00320045
-1.206734,1.504176,-0.05965071,0.003168407
-1.196306,1.553082,0.2180956,0.277942
-1.203043,1.578027,0.1338171,0.08454727
-0.8197815,1.57919,0.2806548,0.410427
-1.084756,1.613075,0.08432359,0.3297843
-1.129509,1.585826,0.06549925,0.04855017
-0.906746,1.603922,0.03797789,0.2244564
-0.7736427,1.609388,-0.1587107,0.2374929
-0.7813518,1.612689,-0.1482037,0.0130318
-0.7749097,1.606625,-0.1667315,0.01961586
-0.7693256,1.603972,-0.1990269,0.03277459
-0.7555712,1.602148,-0.1538643,0.04721067
-0.7569568,1.601115,-0.1441539,0.00980875
-0.7607073,1.599231,-0.1478196,0.005244401
-0.7519109,1.597669,-0.1464915,0.008896142
-0.7595701,1.597588,-0.1434878,0.008227137
-0.9361507,1.485674,-0.18826,0.1821683
-1.230171,1.486542,-0.1122087,0.3036964
-1.229229,1.487107,-0.130142,0.01795803
-1.227581,1.486285,-0.1211008,0.009190151
-1.229217,1.484536,-0.1196055,0.00221599
-1.230753,1.483508,-0.1218161,0.002692246
-1.228027,1.483564,-0.1156211,0.006768391
-1.22869,1.482807,-0.1124238,0.003265231
-1.22932,1.481875,-0.1123705,0.0006323968
-1.231967,1.480417,-0.1182618,0.006458825
-1.21882,1.482952,-0.117497,0.01316958
-0.8668332,1.494343,-0.2011943,0.361801
-1.339878,1.467144,-0.1276248,0.4787316
-0.9244699,1.503667,-0.2146788,0.4244318
-1.36131,1.466516,-0.1394895,0.4432632
-1.022244,1.499263,-0.1920318,0.3431127
-1.257565,1.474529,-0.1362697,0.2418376
-1.223925,1.490674,-0.1284683,0.03453257
-1.14693,1.499422,-0.1662892,0.08578282
-1.245581,1.49365,-0.1594277,0.09888914
-1.074092,1.503314,-0.18406,0.1732488
-1.337421,1.483865,-0.1681913,0.2638071
-0.996141,1.518355,-0.1785701,0.3414379
-1.342907,1.492906,-0.1267914,0.3506109
-0.9574556,1.535027,-0.1951392,0.3914646
-1.374429,1.497296,-0.1377115,0.4209093
-0.8711681,1.571435,-0.2085448,0.5082211
-1.294118,1.602627,-0.09200939,0.4387109
-1.174112,1.591642,-0.1739617,0.1453193
-0.9534767,1.546821,0.1449589,0.3878018
-0.9739817,1.473172,0.1346753,0.02293925
-1.22344,1.573403,-0.01823065,0.292591

New Participant,,
0,0,0.015,0.015
-0.319929,1.561433,0.8711491,0.9139726
-0.479705,1.521725,0.8454161,0.161835
-0.6081756,1.507429,0.9119314,0.1446685
-0.9890529,1.476342,0.2944554,0.7254958
-1.251385,1.476655,-0.01015033,0.4019984
-1.383022,1.479532,-0.007468746,0.1316648
-1.370512,1.482052,0.007495818,0.01950479
-1.382387,1.513406,-0.009275672,0.02054992
-1.014858,1.498279,-0.1065327,0.3801801
-0.9395964,1.50908,-0.08674187,0.07782016
-1.252494,1.513608,0.02543822,0.3323996
-1.138454,1.496674,-0.0243903,0.1244507
-0.9738384,1.503218,-0.1019994,0.1819934
-1.0103,1.495,-0.07493974,0.04540576
-1.276924,1.468197,-0.01611007,0.2730365
-1.263297,1.477172,-0.03203508,0.02095908
-1.262389,1.483103,0.0410177,0.07305843
-1.063408,1.531176,0.08453073,0.2036828
-1.051511,1.503139,0.1101817,0.0282757
-1.006453,1.499035,-0.02449483,0.1420139
-0.9909877,1.507398,-0.0195929,0.01622388
-0.9943107,1.5092,-0.01112166,0.009099696
-0.9044954,1.547178,0.1442148,0.179433
-1.016888,1.505734,0.1627806,0.1139159
-1.361692,1.488066,-0.04478009,0.4024564
-1.551243,1.491308,0.06170547,0.2174137
-1.52417,1.496211,0.07626114,0.03073734
-1.087996,1.510249,0.02054867,0.4397185
-0.9396325,1.603137,-0.08279081,0.1808055
-1.039432,1.525927,0.1997143,0.299615
-1.192103,1.52156,0.1008641,0.1818782
-0.8590147,1.548956,0.30123,0.3887085
-0.8906475,1.534464,0.8780092,0.577646
-0.7671621,1.537314,1.471944,0.6066363
-0.6160814,1.512056,1.890606,0.4450874
-0.5014096,1.541714,2.061879,-0.2061165
-0.4145917,1.498838,2.42458,-0.372947
-0.3647211,1.431911,2.525271,-0.1123649
-0.3765143,1.483955,2.430578,-0.09542472
-0.1444673,1.051788,2.505777,-0.2439274
-0.1095389,0.7899876,2.642597,-0.1412088
-0.1179085,0.774432,2.647161,-0.009532899
-0.1185196,0.7751598,2.645567,-0.001706734
-0.1191387,0.7758594,2.644288,-0.001421092

New Participant,,
0,0,0.015,0.015
-0.1439773,1.480235,-0.272195,0.3212638
-0.05066558,1.450887,-0.1154402,0.1824257
0.05977913,1.380642,0.09179178,0.2348258
0.1096036,1.28507,0.2265345,0.1436596
0.05945899,1.500514,0.04033972,0.1928289
0.09077638,1.516284,-0.06198775,0.1070126
0.2513894,1.439166,-0.2206476,0.2257642
0.6477299,1.441673,-0.164285,0.400328
1.012054,1.427176,-0.2914283,0.3858722
1.101544,1.419887,-0.2193477,0.1149093
1.111608,1.426095,-0.2088655,0.01453132
1.092863,1.428938,-0.1993714,0.02101217
1.103777,1.428858,-0.225387,0.02821204
1.120404,1.422946,-0.2469995,0.02726828
1.214782,1.334165,-0.3699298,0.1549809
1.225794,1.343735,-0.3916108,0.02431735
1.232683,1.351553,-0.3951768,0.007756916
1.211752,1.374379,-0.3780479,0.02704631
1.198019,1.384063,-0.371031,0.01542214
1.195044,1.391009,-0.3648815,0.006831136
1.197521,1.39291,-0.3538653,0.01129127
1.196373,1.397913,-0.3518129,0.002351606
1.186383,1.402453,-0.3544282,0.01032675
1.184938,1.403312,-0.3565398,0.002558821
1.180164,1.401414,-0.3570932,0.004806416
1.169384,1.399125,-0.3645354,0.01309876
1.179569,1.408439,-0.3676959,0.01066355
1.346722,1.420033,-0.2488612,0.2050905
1.497023,1.415019,-0.2528976,0.1503547
1.587775,1.436098,-0.3181009,0.1117467
1.610097,1.411178,-0.32967,0.02514239
1.564335,1.413635,-0.2903213,0.06035337
1.295343,1.429516,-0.2713572,0.2696597
1.404487,1.051821,-0.5725268,0.3203366
1.430461,0.9894501,-0.6163969,0.05098312
1.084589,1.528266,-0.4221254,0.3966979
0.9853169,1.470069,-0.4696289,0.1100522
0.8737365,1.457708,-0.7533058,0.3048323
0.6803378,1.437228,-1.120544,0.4150506
0.7342851,1.428328,-1.34511,0.2309551
0.6769735,1.431229,-1.600766,0.2620009
0.641455,1.423986,-1.663225,0.07185163
0.6550941,1.372615,-1.680942,0.02235883
0.7495465,1.360563,-1.529978,0.1780764
0.7332372,1.360275,-1.46013,0.07172723
0.7760186,0.8816297,-1.516686,0.07091414
0.7214335,0.7216573,-1.492094,0.059869
0.7446054,1.054565,-1.443292,0.05402407
0.6062813,1.499664,-1.284436,0.2106387
0.6463134,1.543655,-1.23096,0.0667999
0.6842605,1.50867,-1.246367,0.04095548
0.7030152,1.487047,-1.533863,0.2881074
0.7297605,1.484722,-1.757763,0.225491
0.7778734,1.476466,-1.756709,0.04812445
0.910592,1.435629,-1.830439,0.1518233
0.9388088,1.419064,-1.588256,0.2438212
0.6474297,1.507117,-1.337545,0.3843929
0.633301,1.488142,-1.067605,0.2703099
0.3730317,1.483279,-0.8876856,0.3164032
-0.09767131,1.479819,-0.816095,0.4761161
-0.5063285,1.457897,-0.9703403,0.4367978
-0.8930238,1.475433,-1.061574,0.397312
-0.9214066,1.4555,-1.223361,0.1642584
-0.9157187,1.436544,-1.292106,0.06897957
-0.9427531,1.331563,-1.284213,0.02816298
-0.9035698,1.446293,-1.304588,0.04416417
-0.9099749,1.437741,-1.30429,0.006412073
-0.9143733,1.436456,-1.278773,0.02589329
-0.8701817,1.536911,-1.139451,0.1461626
-0.9086121,1.424667,-1.081324,0.06968195
-0.8941948,1.420351,-0.8902528,0.1916148
-1.092815,1.402555,-0.9784058,0.2173039
-1.126567,1.056769,-0.9864348,0.03469403
-1.224176,0.6898814,-0.9607804,0.1009241
-1.225706,0.6807839,-0.9750977,0.01439874
-1.156586,1.121991,-1.006435,0.07589169
-0.9676324,1.473527,-0.7191724,0.343836
-0.8129653,1.470704,-0.4889714,0.2773345
-0.5991418,1.553919,-0.7082108,0.3062456
-0.5590084,1.547863,-0.5547898,0.1585834
0.009502238,1.499301,-0.4686108,0.5750053
0.4080244,1.569924,-0.3165712,0.4265395
0.5462657,1.580012,-0.09953362,0.2573247
0.5862496,1.591142,-0.03791765,0.07345232
0.5830089,1.590891,-0.03760561,0.003255751
0.5731155,1.516959,-0.03114988,0.01181334
0.5741798,1.488392,0.007901111,0.03906549
0.6231003,1.479287,0.06111236,0.07228173
0.6168158,1.430595,0.08214882,0.02195513
0.5394924,1.404156,0.07225659,0.07795364
0.2010114,1.097901,0.09748277,0.3394197
0.1811191,0.7007153,0.1498384,0.05600726
0.4507011,1.447827,0.02514851,0.2970219
0.5076799,1.509115,-0.05036889,0.09460164
0.4971678,1.507644,-0.02781452,0.02488381
0.5074958,1.559783,-0.07754759,0.05079415
0.4550412,1.540386,-0.1069971,0.06015611
0.6444913,1.502897,0.008823163,0.2220488
0.5085096,1.46818,0.03608401,0.1386874
0.1698223,1.41165,-0.1694746,0.3961861
0.05212495,1.477522,-0.04916262,0.1683082
0.2519252,1.512377,-0.3739106,0.3812891

New Participant,,
0,0,0.015,0.015
0.5161034,1.502543,0.01441946,0.5161037
0.4780963,1.428309,0.1359645,0.1273488
0.3788497,1.406075,0.06592014,0.1214746
0.2173597,1.360595,0.1760862,0.1954881
0.1983252,1.371386,0.2129927,0.04152592
0.3771965,1.468955,0.009609545,0.2708499
0.4395258,1.430789,-0.357006,0.3718762
0.3766911,1.427879,-0.6942548,0.3430524
0.5111771,1.430186,-1.108642,0.4356639
0.4799711,1.526204,-1.136885,0.04208929
0.6424211,1.440102,-1.225156,0.184883
0.6403815,1.402691,-1.491473,0.2663247
0.6072605,1.393381,-1.643229,0.1553282
0.6155565,1.392103,-1.646925,0.009082173
0.6187911,1.422059,-1.644827,0.003854979
0.6131853,1.412104,-1.662217,0.01827076
0.626387,1.415355,-1.617041,0.0470658
0.6326599,1.420134,-1.585743,0.03192
0.6663443,1.42815,-1.437951,0.1515816
0.6663333,1.415985,-1.313839,0.1241127
0.6305947,1.46174,-1.503897,0.1933895

New Participant,,
0,0,0.015,0.015
0.8039585,1.486914,-0.632548,1.032312
0.8389524,1.446959,-0.6096663,0.04181081
0.8328473,1.428771,-0.8756787,0.2660824
0.9810483,1.396305,-0.8052217,0.1640967
0.7912329,1.4698,-0.658143,0.2401292
0.6798692,1.438198,-0.664876,0.1115671
0.8402617,1.436864,-0.7907149,0.2038656
0.7351451,1.445598,-1.295213,0.5153328
0.8065671,1.438494,-1.590837,0.3041293
0.7669882,1.433526,-1.661517,0.081007
0.8048649,1.448527,-1.645668,0.04105898
0.805235,1.432395,-1.632856,0.01281689
0.8078393,1.432298,-1.636095,0.004155762
0.8091161,1.388717,-1.678469,0.04239384

New Participant,,
0,0,0.015,0.015
0.5072585,1.511053,-0.5084734,0.7289277
0.4754745,1.494635,-0.4299439,0.08471777
0.5087322,1.484677,-0.5644194,0.138527
0.4135967,1.47838,-0.5450343,0.09709035
0.3635499,1.484245,-0.7985374,0.2583961
0.5865612,1.449627,-1.143168,0.4104929
0.6621431,1.444443,-1.432898,0.2994264
0.7324424,1.455177,-1.584142,0.1667828
0.7179912,1.454137,-1.546222,0.04058022
0.7320347,1.372437,-1.59244,0.04830431
0.6708549,1.355364,-1.592279,0.06118003
0.6838631,1.296325,-1.614327,0.02559997
0.6376174,0.7790444,-1.75096,0.1442465
0.6657036,1.36855,-1.641763,0.1127508
0.725628,1.498742,-1.450751,0.2001909
0.744112,1.478352,-1.112182,0.3390737
0.5828261,1.491705,-0.9140449,0.2554827
0.4308301,1.495466,-0.5707017,0.3754829
0.117146,1.552177,-0.4311534,0.3433241
-0.4590225,1.460235,-0.47682,0.5779754
-1.00368,1.452685,-0.3885429,0.551765
-1.246531,1.435993,-0.3246284,0.2511212
-1.410446,1.442532,-0.2670026,0.1737491
-1.662266,1.487843,-0.2938797,0.2532499
-1.624901,1.525885,-0.2693174,0.04471468
-1.636607,1.528739,-0.3303529,0.0621479
-1.609903,1.463441,-0.2355794,0.09846394
-1.450956,1.500563,-0.070425,0.2292159
-1.328341,1.499362,0.0541589,0.1748015
-1.304568,1.445233,0.2987333,0.2457272
-1.246936,1.346315,0.3606793,0.08460932
-1.325714,1.331055,0.4258814,0.1022611
-1.415552,1.333607,0.5169561,0.1279275
-1.485695,1.309218,0.5981856,0.1073229
-1.502422,1.311043,0.6151022,0.02379063
-1.51752,1.307878,0.6472127,0.03548277
-1.437282,1.342155,0.5846766,0.1017294
-1.361331,1.327008,0.6124806,0.08088023
-1.325345,1.326916,0.5810212,0.04779853
-1.360314,1.417733,0.6298819,0.06008454
-1.183596,1.45356,0.5639191,0.1886272
-0.8645841,1.445156,0.3938541,0.3615115
-0.8653756,1.429367,0.4756542,0.0818039
-0.644584,1.441778,0.5049324,0.2227243

New Participant,,
-0.01856444,1.730513,0.4754471,0.4758094
-0.03843319,1.590351,0.5789884,0.1054304
-0.08871987,1.634824,0.5051064,0.08937173
0.009885998,1.647686,0.5412261,0.1050131
0.06109039,1.628523,0.5777852,0.06291624
0.07581209,1.534382,0.52544,0.05437601
-0.01300919,1.550796,0.6183857,0.1285618
-0.06838549,1.690659,0.5513852,0.08692292
-0.05959059,1.667972,0.4530082,0.09876937
0.02330137,1.595614,0.6420727,0.2064376
0.1092356,1.475681,0.5899469,0.1005077
0.151479,1.36816,0.600439,0.04352682
0.1282178,1.465101,0.6451606,0.05040936
0.03120967,1.63408,0.6026936,0.1058962
0.0875667,1.564706,0.6295595,0.0624331
0.09299902,1.666537,0.619114,0.01177367
0.02237172,1.688256,0.5121574,0.1281714
0.06750266,1.639632,0.5981363,0.0971039
-0.01994354,1.562315,0.8533733,0.2698014
-0.05785674,1.553071,1.00725,0.1584785
0.1107701,1.602584,1.027967,0.1698947
-0.07204331,1.521444,1.089819,0.1929932
-0.02189211,0.9351847,1.223853,0.1431097
-0.03175988,0.9579176,1.232602,0.01318748
-0.04646152,1.628597,0.9436891,0.2892867
0.1546868,1.555748,0.9002559,0.2057841
0.2229571,1.566644,1.060869,0.1745202
0.2220703,1.637964,0.8960778,0.1647933
0.1683555,1.60711,0.9768292,0.09698494
0.06016285,1.576436,1.199131,0.2472324
0.04407041,1.584437,1.135677,0.06546259
0.0474119,1.591947,1.031864,0.1038675
0.05948292,1.590402,1.02251,0.01527104
0.07811307,1.582558,1.030761,0.0203755
0.1195106,1.63436,0.9564656,0.08505014
0.1333858,1.630267,0.9530059,0.01429999
0.1801773,1.609931,0.8800758,0.08665016
0.3222034,1.612575,1.026359,0.2038876
0.4565671,1.61102,0.8905518,0.1910424
0.621886,1.570251,0.914944,0.1671087
0.865014,1.550434,1.027682,0.2679947
1.004282,1.552822,0.9886469,0.1446351
1.125072,1.519389,0.9962097,0.1210265
1.296917,1.308455,1.048097,0.1795081
1.282036,0.9278452,1.018187,0.03340777
1.052282,1.556485,1.019132,0.229756
0.8894989,1.54486,0.9390342,0.181422
0.9370912,1.673401,0.9934074,0.07225974
0.9345679,1.679893,1.054667,0.06131157
1.000556,1.655246,0.9780338,0.1011287
1.09601,1.638074,0.7736799,0.2255483
1.092446,1.635373,0.7512324,0.02272845
1.124806,1.58961,0.8103859,0.06742588
0.8247391,1.618371,0.8631196,0.3046649
0.5005814,1.540997,0.8715485,0.3242672
0.2694975,1.133375,0.7532753,0.2595926
0.2447258,0.7823132,0.7192744,0.04206783
0.3746233,1.412296,0.822324,0.1658089
0.4579279,1.632134,0.9037082,0.1164605
0.08859675,1.633867,0.912525,0.3694364
-0.2514659,1.603824,0.9506475,0.3421928
-0.5505077,1.622314,0.989967,0.3016157
-0.7102503,1.605733,0.6145494,0.4079903
-0.861047,1.658496,0.3903336,0.270208
-0.8803192,1.567366,0.02760808,0.3632371
-0.9141857,1.317144,-0.3397264,0.3688924
-0.9888492,0.849376,-0.4016164,0.09697937
-0.9223648,1.163318,-0.3981565,0.06657436
-0.7326914,1.543178,-0.3372269,0.1992195
-0.9529793,1.38589,-0.777907,0.492672
-1.128249,1.000996,-1.0947,0.3620462
-1.143583,0.7789503,-1.075918,0.02424623
-1.183415,0.7382668,-1.049849,0.04760425
-1.186298,0.7244688,-1.050176,0.00290243
-1.164572,0.8345901,-1.066761,0.02733243
-0.8390527,1.540465,-0.7724345,0.438852
-0.4048586,1.574701,-0.6155111,0.4616811
0.04115442,1.567928,-0.7454483,0.464555
0.5718916,1.545752,-0.8267657,0.5369306
0.9814501,1.000666,-0.8579054,0.4107406
0.8736694,1.459867,-0.8893769,0.1122815
0.7973452,1.540842,-0.8948071,0.0765172
0.6636237,1.62444,-0.9653084,0.1511683
0.8067062,1.582196,-0.774121,0.2387996
0.9434983,1.564734,-0.6009747,0.220662
1.063002,1.013919,-0.473743,0.1745537
1.005577,0.8174216,-0.4678657,0.05772452
1.027394,0.7683309,-0.4602064,0.02312229
1.051569,0.765566,-0.4919711,0.03991791
0.9466037,0.9166979,-0.427296,0.1232908
0.8951426,1.394203,-0.4094762,0.05445912
0.5625033,1.727525,-0.5410971,0.357733
0.5768651,1.73622,-0.3295655,0.2120186
0.6151435,1.756228,-0.5257797,0.1999131
0.567711,1.694651,-0.5572297,0.05691173
0.4354013,1.643187,-0.6963808,0.1920127
0.2970766,1.67104,-0.6438103,0.1479777
-0.02381291,1.647759,-0.8687054,0.3918518
-0.3272533,1.622,-0.8695714,0.3034416
-0.383972,1.592259,-0.8806875,0.0577977
-0.4089519,1.598907,-0.7986144,0.08579039
-0.3354282,1.603014,-0.642455,0.1726021
-0.3734181,1.673292,-0.5039567,0.1436142
-0.2933694,1.598053,-0.3254108,0.1956692
-0.4409645,1.643314,-0.7094408,0.4114164
-0.6064502,1.621843,-0.6636198,0.1717122
-0.6862613,1.612225,-0.63182,0.08591297
-0.7690939,1.604208,-0.9150953,0.2951375
-0.8083273,1.591717,-0.9580196,0.05815284
-0.8167017,1.579017,-0.9897989,0.03286421
-0.8687022,1.542363,-1.064276,0.09083444
-0.8919578,1.530433,-1.07661,0.02632388
-0.9184858,1.524019,-1.071716,0.02697564
-0.941346,1.507414,-1.046698,0.03388879
-0.4930381,1.661144,-0.7975231,0.5129019
-0.3619086,1.635892,-0.6833605,0.1738622
-0.4913163,1.628262,-0.5497106,0.186034
-0.6481705,1.634128,-0.5260227,0.1586328
-0.6579704,1.665596,-0.5869884,0.06174833
-0.5201929,1.644767,-0.6082797,0.1394129
-0.6547141,1.624578,-0.5814446,0.1371717
-0.8453215,1.607598,-0.2578166,0.3755879
-0.8191966,1.603481,-0.2997511,0.04940667
-0.888384,1.592519,-0.4325492,0.1497405
-0.8643039,1.605279,-0.2935494,0.1410701
-1.084347,1.549538,-0.009492478,0.3593153
-1.106484,1.560218,0.1596442,0.1705792
-1.091147,1.587231,0.1791798,0.0248371
-1.174729,1.579189,0.2178405,0.09209018
-1.181962,1.560866,0.2315966,0.01554179
-1.313601,1.557032,0.3027304,0.1496296
-1.296949,1.548984,0.3918337,0.09064598
-1.354038,1.370007,0.5412553,0.1599563
-1.354829,1.297948,0.6013325,0.06008245
-1.154968,1.55975,0.3419159,0.3274774
-1.121486,1.638291,0.3500521,0.03445609
-1.030937,1.665316,0.4534957,0.1374758
-0.9782571,1.61315,0.5385889,0.1000803
-1.08737,1.632602,0.2690636,0.290774
-0.8700261,1.667247,0.370041,0.2396557
-1.020713,1.695142,0.2232608,0.2103592
-0.71833,1.67033,0.1839644,0.3049258
-0.903048,1.675113,0.2308129,0.1905663
-0.9559064,1.646561,0.3742296,0.1528475
-0.9793522,1.639639,0.3574371,0.02883912
-0.7812378,1.622668,0.6538374,0.3565144
-0.6666817,1.668471,0.8797263,0.2532763
-0.4933825,1.658867,1.064508,0.2533318
-0.3441931,1.629762,1.03864,0.1514155
-0.248932,1.594807,1.157585,0.1523895
-0.1568594,1.546827,1.298434,0.1682731
-0.09816168,1.503952,1.340177,0.07202727
0.05627026,1.320287,1.426976,0.1771533
0.1139086,1.128318,1.497375,0.09098414
0.1353682,1.028528,1.525224,0.03515815
0.1792576,0.973659,1.616927,0.1016651
0.1297436,1.015638,1.700615,0.09723779
0.1247484,0.9762331,1.673513,0.0275579
0.1709353,0.7688859,1.699114,0.05280744
0.213301,0.6248362,1.737432,0.05712364
0.1595764,1.098125,1.36723,0.37408
-0.1668197,1.681974,1.332792,0.3282077
-0.03830535,1.609045,1.174358,0.2040032
0.3606274,1.615616,1.23481,0.4034869
0.6847922,1.704352,1.085454,0.3569175
0.8616795,1.611717,1.076138,0.1771324
0.4517436,1.608196,1.160662,0.4185591
0.2389054,1.714959,1.198097,0.2161052
0.3391956,1.580703,1.229789,0.1051785
0.6732398,1.649474,1.053189,0.3778533
0.8269539,1.543996,0.8783913,0.2327708
0.7778111,1.598263,0.910237,0.05855917
0.76533,1.649194,0.9608073,0.05208775
0.7924114,1.605742,0.9491211,0.02949535
0.9209611,1.574094,1.139411,0.2296415
0.9946879,1.4839,1.161324,0.07691446
1.177373,1.378031,1.302437,0.2308388
1.306357,1.139814,1.233927,0.1460492
1.332324,0.9723002,1.227126,0.02684289
1.351279,0.7728932,1.245046,0.02608443
1.331854,0.9798601,1.233441,0.02262693
0.8413023,1.66215,1.184044,0.4930328
0.6702014,1.649778,1.109635,0.1865801
0.3572702,1.637542,1.016163,0.3265931
0.405057,1.639747,1.02961,0.04964278
0.4309567,1.726251,0.8983959,0.133746
0.3998219,1.713535,0.8403748,0.06584693
0.4293204,1.692266,0.8878413,0.05588587
0.2952147,1.598991,0.8508392,0.1391169
0.4605466,1.642541,0.9611898,0.198776
0.2985167,1.573517,0.9731745,0.1624725

New Participant,,
0,0,0,015,0,015
0,0,0,015,0
0,0,0,015,0
0,0,0,015,0
0,0,0,015,0
-1,785,0,0,015,-1,785
-0,948,0,0,015,0,837
-1,88,0,0,015,-0,932
-1,513,0,0,015,-0,367
-1,295,0,0,015,0,2180001

New Participant,,
0,0,0,015,0,015
0,0,0,015,0
0,0,0,015,0
0,0,0,015,0
0,0,0,015,0
-1,372,0,0,015,1,372
-1,209,0,0,015,0,163
-1,3,0,0,015,0,09099996
-1,3,0,0,015,0
-1,3,0,0,015,0
-1,3,0,0,015,0
-1,3,0,0,015,0
-1,3,0,0,015,0
-1,3,0,0,015,0
-1,3,0,0,015,0
-1,3,0,0,015,0
-1,3,0,0,015,0
-1,3,0,0,015,0
-1,3,0,0,015,0
-1,3,0,0,015,0
-1,3,0,0,015,0
-1,3,0,0,015,0
-1,034,0,0,015,0,2659999
0,058,0,0,015,1,092
0,317,0,0,015,0,259
-1,406,0,0,015,1,723
-0,03,0,0,015,1,376
-0,559,0,0,015,0,529
-1,516,0,0,015,-0,957
-0,69,0,0,015,0,826
-1,227,0,0,015,0,537
-1,239,0,0,015,0,01199996

New Participant,,
0,0,0,015,0,015
0,0,0,015,0
0,0,0,015,0
0,0,0,015,0
0,0,0,015,0
0,0,0,015,0
0,0,0,015,0
0,0,0,015,0
0,0,0,015,0
0,0,0,015,0
0,0,0,015,0
0,0,0,015,0
0,0,0,015,0
0,0,0,015,0
0,0,0,015,0
0,0,0,015,0
0,0,0,015,0
0,0,0,015,0
0,0,0,015,0
0,0,0,015,0
0,0,0,015,0
0,0,0,015,0
0,0,0,015,0
0,0,0,015,0
0,0,0,015,0
0,0,0,015,0
0,0,0,015,0
0,0,0,015,0
0,0,0,015,0
0,0,0,015,0
0,0,0,015,0
0,0,0,015,0
0,0,0,015,0
0,0,0,015,0
0,0,0,015,0
0,0,0,015,0
0,0,0,015,0
0,0,0,015,0
0,0,0,015,0
0,0,0,015,0
0,0,0,015,0
0,0,0,015,0
0,0,0,015,0
0,0,0,015,0
0,0,0,015,0
0,0,0,015,0
0,0,0,015,0
0,0,0,015,0
0,0,0,015,0
0,0,0,015,0
0,0,0,015,0
0,0,0,015,0
0,0,0,015,0
0,0,0,015,0
0,0,0,015,0
0,0,0,015,0
0,0,0,015,0
0,0,0,015,0
0,0,0,015,0
0,0,0,015,0
0,0,0,015,0
0,0,0,015,0
0,0,0,015,0
0,0,0,015,0
0,0,0,015,0
0,0,0,015,0
0,0,0,015,0
0,0,0,015,0
0,0,0,015,0
0,0,0,015,0
0,0,0,015,0
0,0,0,015,0
0,0,0,015,0
0,0,0,015,0
0,0,0,015,0
0,0,0,015,0

New Participant,,
0,0,0,015,0,015
0,0,0,015,0
0,0,0,015,0
0,0,0,015,0
0,0,0,015,0
0,0,0,015,0
0,0,0,015,0
0,0,0,015,0
0,0,0,015,0

New Participant,,
0,0,0,015,0,015
0,0,0,015,0
0,0,0,015,0
0,0,0,015,0
0,0,0,015,0
0,0,0,015,0
0,0,0,015,0
0,0,0,015,0
0,0,0,015,0
0,0,0,015,0
0,0,0,015,0
0,0,0,015,0

New Participant,,
0,0,0,015,0,015
0,0,0,015,0
0,0,0,015,0
0,0,0,015,0
0,0,0,015,0
0,0,0,015,0
0,0,0,015,0
0,0,0,015,0
0,0,0,015,0
0,0,0,015,0
0,0,0,015,0
0,0,0,015,0
0,0,0,015,0
0,0,0,015,0
0,0,0,015,0
0,0,0,015,0
0,0,0,015,0

New Participant,,
0,0,0,015,0,015
0,0,0,015,0
0,0,0,015,0
0,0,0,015,0
0,0,0,015,0
0,0,0,015,0
0,0,0,015,0
0,0,0,015,0
0,0,0,015,0
0,0,0,015,0
0,0,0,015,0
0,0,0,015,0
0,0,0,015,0
0,0,0,015,0
0,0,0,015,0
0,0,0,015,0
0,0,0,015,0

New Participant,,
0,0,0,015,0,015
0,0,0,015,0
0,0,0,015,0
0,0,0,015,0
0,0,0,015,0
0,0,0,015,0
0,0,0,015,0
0,0,0,015,0
0,0,0,015,0
0,0,0,015,0
0,0,0,015,0
0,0,0,015,0
0,0,0,015,0
0,0,0,015,0
0,0,0,015,0
0,0,0,015,0
0,0,0,015,0
0,0,0,015,0
0,0,0,015,0
0,0,0,015,0
0,0,0,015,0
0,0,0,015,0
0,0,0,015,0
0,0,0,015,0
0,0,0,015,0
0,0,0,015,0
0,0,0,015,0
0,0,0,015,0
0,0,0,015,0
0,0,0,015,0
0,0,0,015,0

New Participant,,
0,0,0,015,0,015
0,0,0,015,0
0,0,0,015,0
0,0,0,015,0
0,0,0,015,0
0,0,0,015,0
0,0,0,015,0
0,0,0,015,0
0,0,0,015,0
0,0,0,015,0
0,0,0,015,0
0,0,0,015,0

New Participant,,
0,0,0,015,0,015
0,0,0,015,0
0,0,0,015,0
0,0,0,015,0
0,0,0,015,0
0,0,0,015,0
0,0,0,015,0
0,0,0,015,0
0,0,0,015,0
0,0,0,015,0
0,0,0,015,0
0,0,0,015,0
0,0,0,015,0
0,0,0,015,0
0,0,0,015,0
0,0,0,015,0
0,0,0,015,0
0,0,0,015,0
0,0,0,015,0
0,0,0,015,0
0,0,0,015,0
0,0,0,015,0
0,0,0,015,0
0,0,0,015,0
0,0,0,015,0
0,0,0,015,0
0,0,0,015,0
0,0,0,015,0
0,0,0,015,0
0,0,0,015,0

New Participant,,
0,0,0,015,0,015
0,0,0,015,0
0,0,0,015,0
0,0,0,015,0
0,0,0,015,0
0,0,0,015,0
0,0,0,015,0
0,0,0,015,0
0,0,0,015,0
0,0,0,015,0
0,0,0,015,0
0,0,0,015,0
0,0,0,015,0
0,0,0,015,0
0,0,0,015,0
0,0,0,015,0
0,0,0,015,0
0,0,0,015,0
0,0,0,015,0
0,0,0,015,0
0,0,0,015,0
0,0,0,015,0
0,0,0,015,0
0,0,0,015,0
0,0,0,015,0
0,0,0,015,0
0,0,0,015,0
0,0,0,015,0
0,0,0,015,0
0,0,0,015,0
0,0,0,015,0
0,0,0,015,0
0,0,0,015,0
0,0,0,015,0
0,0,0,015,0
0,0,0,015,0
0,0,0,015,0
0,0,0,015,0
0,0,0,015,0
0,0,0,015,0
0,0,0,015,0
0,0,0,015,0
0,0,0,015,0
0,0,0,015,0
0,0,0,015,0
0,0,0,015,0
0,0,0,015,0
0,0,0,015,0
0,0,0,015,0
0,0,0,015,0
0,0,0,015,0
0,0,0,015,0
0,0,0,015,0
0,0,0,015,0
0,0,0,015,0
0,0,0,015,0
0,0,0,015,0
0,0,0,015,0
0,0,0,015,0
0,0,0,015,0
0,0,0,015,0
0,0,0,015,0
0,0,0,015,0
0,0,0,015,0
0,0,0,015,0
0,0,0,015,0
0,0,0,015,0
0,0,0,015,0
0,0,0,015,0
0,0,0,015,0
0,0,0,015,0
0,0,0,015,0
0,0,0,015,0
0,0,0,015,0
0,0,0,015,0
0,0,0,015,0
0,0,0,015,0
0,0,0,015,0
0,0,0,015,0
0,0,0,015,0
0,0,0,015,0
0,0,0,015,0
0,0,0,015,0
0,0,0,015,0
0,0,0,015,0
0,0,0,015,0
0,0,0,015,0
0,0,0,015,0
0,0,0,015,0
0,0,0,015,0
0,0,0,015,0
0,0,0,015,0
0,0,0,015,0
0,0,0,015,0
0,0,0,015,0
0,0,0,015,0
0,0,0,015,0
0,0,0,015,0
0,0,0,015,0
0,0,0,015,0
0,0,0,015,0
0,0,0,015,0
0,0,0,015,0
0,0,0,015,0
0,0,0,015,0
0,0,0,015,0
0,0,0,015,0
0,0,0,015,0
0,0,0,015,0
0,0,0,015,0
0,0,0,015,0
0,0,0,015,0
0,0,0,015,0
0,0,0,015,0
0,0,0,015,0
0,0,0,015,0
0,0,0,015,0
0,0,0,015,0
0,0,0,015,0
0,0,0,015,0
0,0,0,015,0
0,0,0,015,0
0,0,0,015,0
0,0,0,015,0
0,0,0,015,0
0,0,0,015,0
0,0,0,015,0
0,0,0,015,0
0,0,0,015,0
0,0,0,015,0

New Participant,,
0,0,0,015,0,015
0,0,0,015,0
0,0,0,015,0
0,0,0,015,0
0,0,0,015,0
0,0,0,015,0

New Participant,,
0,0,0,015,0,015
0,0,0,015,0
0,0,0,015,0
0,0,0,015,0
0,0,0,015,0
0,0,0,015,0

New Participant,,
0,0,0,015,0,015
0,0,0,015,0
0,0,0,015,0
0,0,0,015,0
0,0,0,015,0
0,0,0,015,0
0,0,0,015,0
0,0,0,015,0

New Participant,,

New Participant,,
0,0,0,015,0,015
0,0,0,015,0
0,0,0,015,0
0,0,0,015,0
0,0,0,015,0
0,0,0,015,0
0,0,0,015,0
0,0,0,015,0
0,0,0,015,0
0,0,0,015,0
0,0,0,015,0

New Participant,,
0,0,0,015,0,015
0,0,0,015,0
0,0,0,015,0
0,0,0,015,0
0,0,0,015,0
0,0,0,015,0

New Participant,,
0,0,0,015,0,015
0,0,0,015,0
0,0,0,015,0
0,0,0,015,0
0,0,0,015,0
0,0,0,015,0
0,0,0,015,0

New Participant,,
0,0,0,015,0,015

New Participant,,
0,0,0,015,0,015
0,0,0,015,0
0,0,0,015,0
0,0,0,015,0
0,0,0,015,0
0,0,0,015,0

New Participant,,
0,0,0,015,0,015
0,0,0,015,0
0,0,0,015,0
0,0,0,015,0
0,0,0,015,0
0,0,0,015,0
0,0,0,015,0
0,0,0,015,0
0,0,0,015,0
0,0,0,015,0
0,0,0,015,0
0,0,0,015,0
0,0,0,015,0
0,0,0,015,0
0,0,0,015,0
0,0,0,015,0
0,0,0,015,0
0,0,0,015,0
0,0,0,015,0
0,0,0,015,0
0,0,0,015,0

New Participant,,
0,0,0,015,0,015
0,0,0,015,0
0,0,0,015,0
0,0,0,015,0
0,0,0,015,0
0,0,0,015,0
0,0,0,015,0
0,0,0,015,0
0,0,0,015,0
0,0,0,015,0
0,0,0,015,0
0,0,0,015,0
0,0,0,015,0
0,0,0,015,0

New Participant,,
0,0,0,015,0,015
0,0,0,015,0
0,0,0,015,0
0,0,0,015,0
0,0,0,015,0
0,0,0,015,0

New Participant,,
0,0,0,015,0,015
0,0,0,015,0
0,0,0,015,0
0,0,0,015,0
0,0,0,015,0
0,0,0,015,0
0,0,0,015,0
0,0,0,015,0
0,0,0,015,0
0,0,0,015,0
0,0,0,015,0
0,0,0,015,0
0,0,0,015,0
0,0,0,015,0
0,0,0,015,0
0,0,0,015,0
0,0,0,015,0
0,0,0,015,0
0,0,0,015,0
0,0,0,015,0
0,0,0,015,0
0,0,0,015,0
0,0,0,015,0
0,0,0,015,0
0,0,0,015,0
0,0,0,015,0
0,0,0,015,0
0,0,0,015,0
0,0,0,015,0
0,0,0,015,0
0,0,0,015,0
0,0,0,015,0
0,0,0,015,0
0,0,0,015,0
0,0,0,015,0
0,0,0,015,0
0,0,0,015,0
0,0,0,015,0
0,0,0,015,0
0,0,0,015,0
0,0,0,015,0
0,0,0,015,0
0,0,0,015,0
0,0,0,015,0
0,0,0,015,0
0,0,0,015,0


New Participant,,
0,0,0,015,0,015
0,0,0,015,0
0,0,0,015,0
0,0,0,015,0
0,0,0,015,0
0,0,0,015,0
0,0,0,015,0
0,0,0,015,0
0,0,0,015,0
0,0,0,015,0
0,0,0,015,0
0,0,0,015,0
0,0,0,015,0
0,0,0,015,0
0,0,0,015,0
0,0,0,015,0
0,0,0,015,0
0,0,0,015,0
0,0,0,015,0

New Participant,,
0,0,0,015,0,015
0,0,0,015,0
0,0,0,015,0
0,0,0,015,0
0,0,0,015,0
0,0,0,015,0
0,0,0,015,0
0,0,0,015,0
0,0,0,015,0
0,0,0,015,0
0,0,0,015,0

New Participant,,
0,0,0,015,0,015
0,0,0,015,0
0,0,0,015,0
0,0,0,015,0
0,0,0,015,0
0,0,0,015,0
0,0,0,015,0
0,0,0,015,0
0,0,0,015,0
0,0,0,015,0
0,0,0,015,0
0,0,0,015,0
0,0,0,015,0
0,0,0,015,0
0,0,0,015,0
0,0,0,015,0

New Participant,,
0.0005175484,1.387182,0.1159646,0.1159657
-0.02344279,1.322947,0.2069242,0.09406248
-0.09344878,1.28602,0.1818207,0.07437085
-0.1252373,1.282029,0.2055144,0.03964718
-0.03953087,1.305199,0.2605949,0.1018796
0.1204539,0.7616182,0.416751,0.2235617
0.05138771,1.194096,0.3718032,0.08240421
0.02719081,1.312549,0.2190555,0.1546523
0.0846111,1.337534,0.2608891,0.07104322
-0.1450267,1.29363,0.6241652,0.4297709
-0.1956398,0.9605185,0.9970471,0.3763011
-0.2014079,0.8385071,1.074308,0.07747599
-0.1146107,1.376814,0.7425138,0.3429594
-0.2210918,1.345025,0.6685162,0.1296683
-0.03556427,1.317307,0.5384985,0.2265504
0.03089562,1.3515,0.1825647,0.3620853
0.03830734,1.355623,0.05483904,0.1279405
0.02800805,1.35756,-0.05184917,0.1071842
0.03318144,1.336722,-0.1800631,0.1283182
0.03932657,1.330426,-0.1690364,0.01262339
0.03030184,1.340701,-0.1065008,0.06318349
0.03922306,1.355421,-0.06435671,0.04307796
0.05403429,1.357276,-0.09595272,0.03489528
0.0653654,1.345785,-0.1027173,0.01319675
0.08072097,1.341551,-0.09419262,0.01756315
0.07489352,1.340517,-0.09414887,0.005827613
0.06267544,1.343815,-0.1016248,0.0143238
0.05595578,1.350302,-0.1108183,0.01138742
0.0554182,1.349414,-0.0979049,0.01292456
0.05410815,1.348991,-0.09949151,0.002057567
0.05494706,1.34845,-0.0980513,0.001666725
0.03702806,1.343341,-0.08936094,0.01991514
0.0299459,1.342925,-0.09055708,0.007182458
0.03389835,1.346186,-0.09441869,0.005525753
0.0310532,1.35213,-0.0970329,0.003863806
0.005248074,1.352705,-0.1302963,0.04209938
-0.007227807,1.345564,-0.1344944,0.01316327
0.01998459,1.344452,-0.1266091,0.02833184
0.02244261,1.343832,-0.1220944,0.005140441
0.03611497,1.35279,-0.1223237,0.01367428
0.01018511,1.344888,-0.1325348,0.02786797
0.06278936,1.311016,0.03360349,0.1742674
0.2505669,1.323511,0.3337224,0.3540223
0.471805,1.406426,0.6333878,0.3724858
0.5150545,1.30565,1.164285,0.5326564
0.5225946,1.298755,1.310732,0.1466401
0.4627146,1.344451,1.286371,0.06464572
0.5266507,1.323836,1.273403,0.06523786
0.426721,1.317489,0.9980856,0.2928921
0.4627237,1.359528,0.9216565,0.08448435
0.4741543,1.372668,0.9065694,0.01892828
0.4573882,1.37589,0.9321296,0.0305684
0.449421,1.372822,0.931406,0.007999966
0.4564604,1.369747,0.9230923,0.01089361
0.4690496,1.363678,0.9278851,0.01347063
0.580354,1.340772,1.016755,0.142431
0.532276,1.31054,0.9900751,0.05498481
0.8713114,1.308545,0.947744,0.3416678
1.019583,1.265294,0.6898668,0.2974644
1.002332,1.270746,0.9602118,0.2708948
1.234416,0.8258351,1.099856,0.2708568
1.29494,0.8082601,1.156225,0.08270826
0.9665265,1.314414,0.972176,0.3764698
0.7867577,1.342515,0.6376611,0.3797592
0.7719518,1.292734,0.5531939,0.08575499
0.9875128,1.291325,0.493669,0.2236287
1.061712,1.32354,0.2838192,0.2225814
1.045574,1.32732,0.5412307,0.2579169
1.312602,1.314883,0.3708501,0.3167549
1.252305,1.329734,0.3829971,0.0615086
1.226689,1.343263,0.3769314,0.02632429
1.251209,1.321987,0.3673455,0.02632689
1.2543,1.320494,0.3698497,0.003978641
1.257163,1.319785,0.3697829,0.002863232
1.272411,1.317737,0.3420158,0.03167856
1.304894,1.311558,0.2585936,0.08952311
1.295399,1.38022,0.2500986,0.01274104
1.386669,1.327791,0.2222276,0.09543096
1.690639,1.305084,0.2773555,-0.3089289
1.758077,1.267294,0.2128939,-0.09329046
1.837321,1.144015,0.2580335,-0.09119875
1.616742,1.370208,0.3156055,-0.2279684
1.613971,1.359275,0.3545393,-0.03903224
1.258607,1.308262,0.1942165,0.3898547
0.8254715,1.353942,0.3911428,0.4758011
0.5345953,1.371224,0.3475873,0.2941191
0.7152962,1.317533,-0.1784787,0.5562358
0.8419889,1.38616,-0.4968307,0.3426353
1.078709,1.070201,-0.8378138,0.4150978
1.033873,1.121433,-0.9055963,0.08126996
0.8570536,1.310586,-0.9091389,0.1768544
0.8261178,1.277548,-0.9486399,0.05017324
0.7849607,1.236453,-1.10684,0.1634663
0.567614,1.313151,-1.139551,0.2197945
0.2192965,1.291772,-1.224368,0.3584954
-0.08309149,1.318827,-1.176191,0.3062019
-0.5168509,1.294006,-1.269256,0.443631
-0.8815199,1.29764,-1.115954,0.3955818
-1.186585,1.313508,-1.262501,0.338439
-1.130867,1.365808,-1.102387,0.169532
-1.16906,1.330614,-1.216646,0.1204729
-1.232926,1.302138,-1.154913,0.08882473
-1.373366,0.7330259,-0.9654228,0.2358594
-1.139505,1.340192,-1.006013,0.2373573
-1.049015,1.350983,-1.110763,0.1384234
-1.086109,1.332384,-1.045855,0.07475978
-1.076994,1.321653,-0.8650705,0.1810138
-1.064911,1.343328,-0.921439,0.05764878
-0.9997472,1.341675,-0.9560068,0.07376526
-1.055371,1.388103,-0.9956151,0.06828471
-1.143722,1.359945,-0.8936102,0.1349478
-1.038512,1.298299,-0.6254549,0.2880562
-1.072512,1.271043,-0.6666761,0.05343413
-1.153261,1.206404,-0.4699493,0.212654
-0.8499929,1.123963,-0.3775585,0.317029
-0.9255891,1.108149,-0.1164456,0.2718359
-0.8542846,1.198676,0.1656696,0.2909867
-0.8206171,1.2697,0.1237538,0.05376278
-0.935495,1.315423,0.09374984,0.1187315
-0.6936927,1.232433,0.05020049,0.2456927
-0.5790401,1.175226,0.1744122,0.1690377
-0.497702,1.127486,-0.1058347,0.2918119
-0.3089921,1.040334,0.1273571,0.2999831
-0.1369418,1.051195,0.1185492,0.1722756
-0.06277881,1.272221,-0.08129918,0.2131655
-0.1577164,1.343805,-0.1645037,0.1262384
0.07384483,1.346977,-0.007286719,0.2798889
0.2244405,1.357231,-0.05078013,0.1567505
0.2559695,1.358098,-0.1622302,0.115824
0.2867333,1.391489,-0.2723758,0.1143612
0.2899081,1.383308,-0.2207067,0.05176652
0.2208256,1.349128,-0.03724562,0.1960367
-0.09376649,1.371979,0.2868726,0.4516866
-0.3654855,1.353977,0.6872654,0.483886
-0.5325549,1.373716,0.8288726,0.2190086
-0.5341023,1.390276,0.8069498,0.02197737
-0.5475143,1.385736,0.8006219,0.01482985
-0.5427902,1.38281,0.7974984,0.005663303
-0.5347143,1.382867,0.7991591,0.008244934
-0.4905869,1.379086,0.8176961,0.0478628
-0.5455634,1.375256,0.8225865,0.05519361
-0.5464061,1.377217,0.8291728,0.006639952
-0.523603,1.386029,0.8043246,0.03372565
-0.5272554,1.384166,0.7987703,0.006647571
-0.5328856,1.383558,0.7990024,0.005634918
-0.5317353,1.403109,0.7860418,0.01301156
-0.5359204,1.389595,0.8238268,0.03801607
-0.5616543,1.38348,0.9496073,0.128386
-0.9309795,1.301591,1.119962,0.4067207
-0.9659436,1.305989,1.23782,0.1229351
-0.9300436,1.305308,1.229988,0.03674448
-0.9222496,1.307566,1.222239,0.01099013
-0.9475648,1.314363,1.231371,0.0269118
-0.973159,1.315231,1.361521,0.1326424
-1.04847,1.310583,1.316031,0.08798294
-1.202932,1.316706,1.19459,0.1964853
-1.240643,1.329203,1.217182,0.04396059
-1.267388,1.312382,1.282018,0.07013635
-1.381963,1.192781,1.352569,0.1345536
-1.428181,1.116986,1.489474,0.1444962
-1.510389,0.7775046,1.631599,-0.1641883
-1.554745,0.8387751,1.651906,-0.04878323
-1.151089,1.331965,1.199424,0.6063654
-0.836693,1.343745,0.9697133,0.3893732
-1.094774,1.303643,0.5451093,0.4968844
-1.233088,0.677615,-0.08833855,0.6483727
-1.17794,1.215678,-0.04013644,0.07324424
-1.046615,1.365369,0.3916118,0.4512791
-0.7945705,1.348287,0.5345111,0.2897359
-0.3639111,1.350814,0.445013,0.4398608
-0.0230583,1.288082,0.3680695,0.3494294
0.2546797,1.33823,0.09831071,0.3871798
0.3117746,1.339751,-0.07447164,0.1819713
0.3130973,1.339125,-0.03569564,0.03879855
0.248894,1.362623,-0.01659173,0.06698523
0.2465812,1.369749,0.02344474,0.04010321
0.2493106,1.369071,0.01165602,0.01210054
0.2674875,1.350446,0.0302305,0.02598869
0.272385,1.336563,0.01002472,0.02079084
0.2533756,1.33972,-0.05766388,0.0703072
0.2538043,1.352945,-0.007614549,0.05005116


New Participant,,
-0.05948133,1.338818,0.1634622,0.173948
-0.02062398,1.282832,0.1877998,0.0458499
0.03478462,1.309621,0.006227577,0.1898383
0.08058088,1.309681,0.1389439,0.1403956
0.05660569,1.304047,0.1235906,0.02846987
-0.0485663,1.300278,0.03258571,0.1390792
-0.01176515,1.312921,0.0501102,0.04076068
0.06228909,1.305837,0.06837738,0.07627398
0.06585645,1.311263,0.05431985,0.01450311
0.07497367,1.386196,0.01071274,0.04455002
0.06051178,1.419952,-0.01139717,0.02641958
0.195819,1.272311,0.097967,0.1739786
0.3586963,0.7151586,0.2559622,0.2269174
0.1537582,1.358813,0.09891456,0.2581928
0.2476609,1.435378,-0.05146007,0.1772858
0.2996098,1.458996,0.03487609,0.1007602
0.381166,1.454265,0.07002261,0.08880702
0.4369421,1.431536,0.1408871,0.09018173
0.3901458,1.297296,0.007445706,0.1414089
0.1815947,1.320169,-0.03442319,0.2127124
-0.01211901,1.292099,-0.05399973,0.1947004
-0.2313552,1.262649,-0.1955321,0.2609519
-0.1768386,1.286603,-0.235184,0.0674116
-0.6344135,1.263617,-0.174289,0.4616091
-1.083138,1.043163,-0.3371386,0.4773609
-1.198812,0.8729568,-0.3314375,0.115815
-0.8554468,1.344092,-0.3720743,0.3457619
-0.972137,1.273422,-0.6343073,0.2870239
-1.262978,0.9621419,-1.030195,0.4912387
-1.294021,0.7572095,-1.072337,0.05234123
-1.194192,1.188979,-1.008313,0.1185955
-0.8016547,1.323681,-0.6043675,0.5632561
-0.2236767,1.284217,-0.861181,0.6324648
0.3081901,1.238898,-0.9943693,0.5482895
0.8573651,1.101956,-0.8829637,0.5603609
0.9944964,0.7233608,-0.8725553,0.1375258
0.8738645,1.296783,-0.831888,0.1273023
0.8577698,1.337833,-0.8340491,0.01623913
0.8868235,1.386079,-0.842797,0.03034205
0.8804725,1.261078,-0.7877593,0.05540296
1.093152,1.23117,-0.7036589,0.2287038
1.295585,1.116752,-0.5948454,0.2298254
1.184539,1.100074,-0.4946413,0.1495729
0.8059615,1.304487,-0.5923795,0.3909911
0.8603364,1.371314,-0.5782105,0.05619063
0.8012292,1.377638,-0.2904897,0.2937293
0.6719801,1.337494,-3.898516E-05,0.3179103
0.3681805,1.371367,0.1564799,0.3417489
0.4109936,1.382443,0.4549417,0.3015169
0.3665707,1.305762,0.8052051,0.3530692
0.2472297,1.239821,0.9930649,0.2225615
-0.09130801,0.7161746,1.087769,0.3515347
0.2562265,1.303076,0.9770267,0.3647521
0.6386206,1.312371,0.8744711,0.3959077
0.7293779,1.31835,1.057246,0.2040675
1.214499,1.201551,1.158635,0.4956027
1.128752,1.263309,1.120118,0.09400074
0.8819267,1.315285,0.8410305,0.3725753
0.9962599,1.308028,1.01863,0.2112193
0.9541659,1.298198,1.04379,0.04904025
0.9587852,1.294138,1.057687,0.01464421
0.9356908,1.296414,1.059976,0.02320763
1.107029,1.263166,1.095053,0.1748913
1.342243,0.8512775,1.21145,0.2624386
1.018547,1.332725,1.00653,0.3831069
0.6253876,1.332623,0.8077,0.4405768
0.373779,1.288121,0.994128,0.313149
0.01058266,1.3073,0.9170809,0.3712787
0.02953772,1.354129,0.9066479,0.02163656
-0.02472902,1.366623,0.903616,0.05435137
0.01052554,1.356414,0.8833983,0.04064038
0.01061993,1.358742,0.8763836,0.007015327
0.03185441,1.385534,1.002184,0.1275796
0.09622372,1.335302,0.9659838,0.07385011
0.1525334,1.385537,0.9462085,0.05968116
-0.02935581,1.356505,1.040295,0.2047825
-0.2371074,1.269608,0.9948719,0.2126592
-0.4463403,1.292166,1.059753,0.2190614
-0.6833988,1.317103,1.072369,0.237394
-0.8642212,1.302237,1.085732,0.1813155
-0.8902847,1.296376,1.034281,0.05767586
-0.8928251,1.289053,0.9106409,0.123666
-0.8403412,1.303911,0.9002706,0.05349869
-0.800657,1.312235,0.92869,0.04881077
-0.7795078,1.309574,0.9140219,0.02573793
-0.8006583,1.304171,0.8767015,0.04289708
-1.085757,1.237364,0.8192949,0.2908213
-1.089294,1.259001,0.7014312,0.1179168
-1.029848,1.280437,0.6352007,0.08899595
-1.069728,1.285423,0.7121866,0.08670205
-1.05769,1.287893,0.7509326,0.04057311
-1.056151,1.285508,0.7621648,0.01133705
-1.052434,1.282177,0.763871,0.004089534
-1.052297,1.279206,0.7644688,0.0006132401
-1.068507,1.277764,0.7614802,0.01648304
-1.089873,1.322702,0.6927086,0.07201409
-0.8972207,1.350307,0.4238549,0.3307525
-1.025313,1.402946,0.2379361,0.225773
-0.9843748,1.421894,0.1582216,0.08961205
-0.9800302,1.344426,-0.0601703,0.2184352
-0.8524852,1.331241,-0.3200764,0.289515
-0.6322123,1.352878,-0.4760603,0.2699095
-0.672861,1.370302,-0.6718501,0.1999649
-0.6695182,1.403604,-0.6617948,0.01059643
-0.6445926,1.392316,-0.6684096,0.02578844
-0.5877362,1.37203,-0.6924337,0.06172362
-0.4581862,1.356023,-0.5915189,0.1642162
-0.4031203,1.34291,-0.2146949,0.3808262
-0.04706667,1.346136,-0.113019,0.3702867
0.03867571,1.32602,0.08203993,0.2130721
-0.08329034,1.302719,-0.1683298,0.2784972
-0.5612797,1.290895,-0.2713644,0.4889682
-0.6617763,1.337006,-0.0830555,0.2134475
-0.6802158,1.350431,-0.5305029,0.4478272
-0.5289789,1.320739,-0.7409419,0.259147
-0.2122161,1.242412,-0.8628874,0.3394251
-0.3400306,1.018898,-0.8112532,0.13785
-0.32603,0.9508106,-0.8476505,0.03899715
-0.4755391,1.170272,-0.8857762,0.1542937
-0.4610462,1.135495,-0.8440634,0.04415881
-0.2430591,1.066849,-0.9955341,0.2654463
-0.2877239,1.002927,-0.9416139,0.07001665
-0.3640189,1.365321,-0.9287882,0.07736559
-0.2819423,1.381161,-0.7657138,0.1825647
-0.1199284,1.414924,-0.5489107,0.2706513
-0.1697344,1.417106,-0.393598,0.1631033
-0.1709722,1.384052,-0.2915838,0.1020217
-0.139277,1.380554,-0.3334669,0.05252408
-0.1807573,1.40187,-0.3910426,0.07096178
-0.1301051,1.345676,-0.399683,0.05138383
-0.09248962,1.404203,-0.3626949,0.05275456
-0.2005593,1.372441,-0.2111754,0.1861107
-0.09295509,1.06662,0.02856257,0.2627794
0.08275714,1.105687,0.47034,0.4754388
0.3798459,1.004935,1.342936,0.9217839
0.761956,0.8447423,2.181814,-0.9218053


New Participant,,
<<<<<<< Updated upstream
-0.01010731,1.508724,0.2817863,0.2819675
0.02871607,1.41895,0.3460452,0.07507639
0.1003724,1.380432,0.3421037,0.07176469
0.09057546,1.406481,0.2221449,0.1203583
0.1320129,1.383079,0.3199828,0.1062513
0.1577761,1.296105,0.3619834,0.04927264
0.2093346,1.346618,0.3224234,0.06498672
0.4738424,1.051049,0.1751098,0.3027634
0.4587248,0.6960414,0.1732113,0.01523638
0.3648598,1.400085,0.1427686,0.09867823
0.2907766,1.445841,0.3898622,0.2579604
0.333773,1.427969,0.7098754,0.3228887
0.02042335,1.409992,0.8763631,0.3548325
-0.2510387,0.8218791,1.05506,0.3249989
-0.2627652,0.8718629,1.097576,0.04410386
0.03600597,1.500753,0.9497356,0.3333483
0.06246572,1.555649,0.9597658,0.02829704
0.02410397,1.496137,0.832549,0.1328748
-0.04520911,1.51212,0.9320225,0.1212406
-0.01888784,1.497953,1.030446,0.1018823
-0.009227251,1.48489,1.042571,0.01550291
-0.1343905,1.426558,1.245326,0.238276
-0.171742,1.402968,1.33132,0.09375514
-0.5079526,1.464821,1.345041,0.3364905
-0.8444563,1.446349,1.274865,0.3437433
-1.021297,1.433086,1.225749,0.183535
-1.159304,1.428815,1.251914,0.1404651
-1.20714,1.437375,1.22935,0.0528908
-1.04995,1.486753,1.107572,0.1988423
-1.024908,1.483008,0.9295936,0.1797321
-1.122844,1.481141,0.6333035,0.3120567
-0.9526809,1.493671,0.6413583,0.1703536
-1.021273,1.530622,0.6454089,0.06871168
-1.015284,1.526791,0.6493528,0.007171219
-1.018363,1.522157,0.6530589,0.004818394
-1.039868,1.508194,0.6453866,0.02283275
-0.984311,1.527272,0.676992,0.06391787
-0.9934701,1.517363,0.665067,0.01503651
-1.054495,1.482699,0.6358911,0.06764099

New Participant,,
0.04408173,1.512148,0.3048929,0.3080631
0.05671781,1.43049,0.4234878,0.1192661
-0.09063946,1.496899,0.3362063,0.1712665
0.02999482,1.48945,0.7317958,0.4135743
-0.1609233,1.477383,0.9958162,0.3258166
-0.2077475,1.488623,1.177979,0.1880846
-0.5179993,1.513194,1.169136,0.3103777
-0.8721606,1.50981,1.198392,0.3553675
-0.9396535,1.500437,1.229455,0.07429845
-0.922411,1.512845,1.230153,0.01725667
-0.9295487,1.519662,1.129262,0.1011434
-0.9870377,1.520991,1.08191,0.07447959
-0.9937802,1.505691,0.8995837,0.1824509
-1.045899,1.488865,0.5319762,0.3712837
-1.062514,1.492945,0.1838539,0.3485186
-1.052284,1.51149,0.2384832,0.05557896
-1.141479,1.495314,0.4545115,0.2337179
-0.9905881,1.503587,0.7191315,0.3046175
-1.09278,1.497973,0.9926832,0.2920167
-1.098708,1.494697,1.006053,0.01462541
-1.105398,1.490856,1.009856,0.00769519
-1.097104,1.492724,1.014668,0.009588945
-1.012768,1.565652,1.019209,0.08445852
-1.058081,1.561926,1.046515,0.05290513
-1.10802,1.491838,1.014851,0.05913159
-1.099171,1.472743,0.7881669,0.2268569
-1.073504,1.457871,0.4127422,0.376301
-0.884167,1.39952,-0.2150435,0.6557161
-1.170557,1.428053,-0.4752043,0.3869148
-1.030861,1.496155,-0.8155965,0.367943
-1.129702,1.50781,-0.9479838,0.1652153
-1.151762,1.501506,-0.9464898,0.02211033
-0.9576032,1.503342,-0.9784162,0.1967664
-0.7187079,1.50302,-1.011073,0.2411171
-0.4158353,1.48256,-1.107904,0.3179749
-0.02949801,1.476481,-1.116027,0.3864227
0.3130234,1.48411,-1.067297,0.3459704
0.6762843,1.484315,-1.135659,0.3696373
0.8953134,1.47615,-1.10813,0.2207523
1.107724,1.481132,-1.180953,0.2245469
1.122431,1.476368,-1.062787,0.1190782
1.096553,1.472239,-0.6724968,0.3911471
1.195359,1.463825,-0.2523836,0.4315758
1.173735,1.458982,0.2242202,0.4770941
1.176424,1.459634,0.6091532,0.3849424
1.211915,1.477509,1.015697,0.40809
1.245952,1.468593,1.094666,0.08599187
1.279957,0.9781944,1.228798,0.138375
1.100365,1.383067,1.162915,0.1912946
0.8237847,1.513067,0.927332,0.363313
-0.01947117,0.8996909,0.9976709,0.8461844
-0.1897425,1.362781,0.6980442,0.3446281
-0.7873644,1.187613,0.154633,0.8077423
-1.194453,0.7199667,-0.1053608,0.4830297
-1.129556,1.248674,-0.5499545,0.4493052
-1.30579,0.7181587,-1.060602,0.5402029
-0.6276075,1.410904,-0.8222633,0.7188445
-0.04746625,1.427762,-0.8424792,0.5804933
0.786381,0.7856177,-0.786929,0.8356956
0.3832961,1.226212,-0.2900364,0.6398279
0.3162172,0.7053529,0.2657649,0.5598344
0.3195599,1.498043,-0.305916,0.5716907
0.1119697,1.424623,-0.3576628,0.2139426
0.2591606,1.486269,-0.3990628,0.1529024
0.2653289,1.516015,-0.449546,0.05085861
0.3075938,1.508831,-0.5281203,0.08922015
=======
0,0,0,0
0,0,0,0
0,0,0,0

New Participant,,
>>>>>>> Stashed changes

New Participant,,
0,0,0.015,0.015
0,0,0.015,0
0,0,0.015,0
0,0,0.015,0
0,0,0.015,0
0,0,0.015,0
0,0,0.015,0
0,0,0.015,0
0,0,0.015,0
0,0,0.015,0
0,0,0.015,0
0,0,0.015,0
0,0,0.015,0
0,0,0.015,0
0,0,0.015,0
0,0,0.015,0
0,0,0.015,0
0,0,0.015,0
0,0,0.015,0
0,0,0.015,0
0,0,0.015,0
0,0,0.015,0
0,0,0.015,0
0,0,0.015,0
0,0,0.015,0

New Participant,,
0,0,0.015,0.015
0,0,0.015,0
0,0,0.015,0
0,0,0.015,0
0,0,0.015,0
0,0,0.015,0
0,0,0.015,0
0,0,0.015,0
0,0,0.015,0
0,0,0.015,0
0,0,0.015,0

New Participant,,
0,0,0.015,0.015
0,0,0.015,0
0,0,0.015,0
0,0,0.015,0
0,0,0.015,0
0,0,0.015,0
0,0,0.015,0
0,0,0.015,0
0,0,0.015,0
0,0,0.015,0
0,0,0.015,0
0,0,0.015,0
0,0,0.015,0
0,0,0.015,0
0,0,0.015,0
0,0,0.015,0
0,0,0.015,0
0,0,0.015,0
0,0,0.015,0
0,0,0.015,0
0,0,0.015,0
0,0,0.015,0
0,0,0.015,0
0,0,0.015,0
0,0,0.015,0
0,0,0.015,0
0,0,0.015,0
0,0,0.015,0
0,0,0.015,0
0,0,0.015,0
0,0,0.015,0
0,0,0.015,0
0,0,0.015,0
0,0,0.015,0
0,0,0.015,0
0,0,0.015,0
0,0,0.015,0
0,0,0.015,0
0,0,0.015,0
0,0,0.015,0
0,0,0.015,0
0,0,0.015,0
0,0,0.015,0
0,0,0.015,0
0,0,0.015,0

New Participant,,
0,0,0.015,0.015
0,0,0.015,0
0,0,0.015,0
0,0,0.015,0
0,0,0.015,0
0,0,0.015,0
0,0,0.015,0
0,0,0.015,0
0,0,0.015,0
0,0,0.015,0
0,0,0.015,0
0,0,0.015,0
0,0,0.015,0
0,0,0.015,0
0,0,0.015,0
0,0,0.015,0
0,0,0.015,0
0,0,0.015,0
0,0,0.015,0
0,0,0.015,0
0,0,0.015,0
0,0,0.015,0

New Participant,,
0,0,0.015,0.015
0,0,0.015,0
0,0,0.015,0
0,0,0.015,0
0,0,0.015,0
0,0,0.015,0
0,0,0.015,0
0,0,0.015,0
0,0,0.015,0
0,0,0.015,0
0,0,0.015,0
0,0,0.015,0
0,0,0.015,0
0,0,0.015,0
0,0,0.015,0
0,0,0.015,0
0,0,0.015,0
0,0,0.015,0
0,0,0.015,0

New Participant,,
0,0,0.015,0.015
0,0,0.015,0
0,0,0.015,0
0,0,0.015,0
0,0,0.015,0
0,0,0.015,0
0,0,0.015,0

New Participant,,
0,0,0.015,0.015
0,0,0.015,0
0,0,0.015,0

New Participant,,
0,0,0.015,0.015
0,0,0.015,0
0,0,0.015,0
0,0,0.015,0

New Participant,,
0,0,0.015,0.015
0,0,0.015,0
0,0,0.015,0
0,0,0.015,0
0,0,0.015,0
0,0,0.015,0
0,0,0.015,0
0,0,0.015,0
0,0,0.015,0
0,0,0.015,0
0,0,0.015,0
0,0,0.015,0
0,0,0.015,0

New Participant,,
0,0,0.015,0.015
0,0,0.015,0
0,0,0.015,0
0,0,0.015,0
0,0,0.015,0
0,0,0.015,0
0,0,0.015,0
0,0,0.015,0
0,0,0.015,0
0,0,0.015,0
0,0,0.015,0

New Participant,,
0,0,0.015,0.015
0,0,0.015,0
0,0,0.015,0
0,0,0.015,0

New Participant,,
0,0,0.015,0.015
0,0,0.015,0

New Participant,,
0,0,0.015,0.015
0,0,0.015,0
0,0,0.015,0

New Participant,,
0,0,0.015,0.015
0,0,0.015,0
0,0,0.015,0

New Participant,,
0,0,0.015,0.015
0,0,0.015,0
0,0,0.015,0

New Participant,,
0,0,0.015,0.015
0,0,0.015,0
0,0,0.015,0

New Participant,,
0,0,0.015,0.015
0,0,0.015,0
0,0,0.015,0
0,0,0.015,0

New Participant,,
0,0,0.015,0.015
0,0,0.015,0

New Participant,,
0,0,0.015,0.015
0,0,0.015,0
0,0,0.015,0
0,0,0.015,0

New Participant,,
0,0,0.015,0.015
0,0,0.015,0
0,0,0.015,0
0,0,0.015,0
0,0,0.015,0
0,0,0.015,0
0,0,0.015,0
0,0,0.015,0
0,0,0.015,0
0,0,0.015,0
0,0,0.015,0

New Participant,,
0,0,0.015,0.015
0,0,0.015,0
0,0,0.015,0
0,0,0.015,0
0,0,0.015,0
0,0,0.015,0
0,0,0.015,0

New Participant,,

New Participant,,
0,0,0.015,0.015
0,0,0.015,0
0,0,0.015,0
0,0,0.015,0

New Participant,,
0,0,0.015,0.015
0,0,0.015,0
0,0,0.015,0
0,0,0.015,0
0,0,0.015,0
0,0,0.015,0

New Participant,,
0,0,0.015,0.015
0,0,0.015,0
0,0,0.015,0
0,0,0.015,0
0,0,0.015,0
0,0,0.015,0

New Participant,,
0,0,0.015,0.015
0,0,0.015,0
0,0,0.015,0
0,0,0.015,0
0,0,0.015,0
0,0,0.015,0

New Participant,,
0,0,0.015,0.015
0,0,0.015,0
0,0,0.015,0
0,0,0.015,0
0,0,0.015,0
0,0,0.015,0
0,0,0.015,0

New Participant,,
0,0,0.015,0.015
0,0,0.015,0
0,0,0.015,0
0,0,0.015,0
0,0,0.015,0

New Participant,,
0,0,0.015,0.015
0,0,0.015,0
0,0,0.015,0
0,0,0.015,0
0,0,0.015,0
0,0,0.015,0
0,0,0.015,0
0,0,0.015,0

New Participant,,
0,0,0.015,0.015
0,0,0.015,0
0,0,0.015,0
0,0,0.015,0
0,0,0.015,0
0,0,0.015,0
0,0,0.015,0
0,0,0.015,0
0,0,0.015,0
0,0,0.015,0
0,0,0.015,0
0,0,0.015,0
0,0,0.015,0
0,0,0.015,0
0,0,0.015,0
0,0,0.015,0
0,0,0.015,0
0,0,0.015,0
0,0,0.015,0
0,0,0.015,0
0,0,0.015,0
0,0,0.015,0
0,0,0.015,0
0,0,0.015,0
0,0,0.015,0
0,0,0.015,0
0,0,0.015,0

New Participant,,
0,0,0.015,0.015
0,0,0.015,0
0,0,0.015,0
0,0,0.015,0
0,0,0.015,0
0,0,0.015,0
0,0,0.015,0
0,0,0.015,0
0,0,0.015,0
0,0,0.015,0
0,0,0.015,0
0,0,0.015,0
0,0,0.015,0
0,0,0.015,0
0,0,0.015,0
0,0,0.015,0
0,0,0.015,0
0,0,0.015,0
0,0,0.015,0
0,0,0.015,0
0,0,0.015,0
0,0,0.015,0
0,0,0.015,0
0,0,0.015,0
0,0,0.015,0
0,0,0.015,0
0,0,0.015,0
0,0,0.015,0
0,0,0.015,0
0,0,0.015,0
0,0,0.015,0
0,0,0.015,0
0,0,0.015,0
0,0,0.015,0
0,0,0.015,0
0,0,0.015,0

New Participant,,
0,0,0.015,0.015
0,0,0.015,0
0,0,0.015,0
0,0,0.015,0
0,0,0.015,0
0,0,0.015,0

New Participant,,
0,0,0.015,0.015
0,0,0.015,0
0,0,0.015,0
0,0,0.015,0
0,0,0.015,0
0,0,0.015,0
0,0,0.015,0
0,0,0.015,0
0,0,0.015,0
0,0,0.015,0
0,0,0.015,0
0,0,0.015,0
0,0,0.015,0
0,0,0.015,0
0,0,0.015,0
0,0,0.015,0
0,0,0.015,0
0,0,0.015,0
0,0,0.015,0
0,0,0.015,0
0,0,0.015,0
0,0,0.015,0
0,0,0.015,0
0,0,0.015,0
0,0,0.015,0
0,0,0.015,0
0,0,0.015,0
0,0,0.015,0
0,0,0.015,0
0,0,0.015,0
0,0,0.015,0
0,0,0.015,0
0,0,0.015,0
0,0,0.015,0
0,0,0.015,0
0,0,0.015,0
0,0,0.015,0
0,0,0.015,0
0,0,0.015,0
0,0,0.015,0
0,0,0.015,0
0,0,0.015,0
0,0,0.015,0
0,0,0.015,0
0,0,0.015,0
0,0,0.015,0
0,0,0.015,0
0,0,0.015,0
0,0,0.015,0
0,0,0.015,0

New Participant,,
0,0,0.015,0.015
0,0,0.015,0
0,0,0.015,0
0,0,0.015,0
0,0,0.015,0
0,0,0.015,0

New Participant,,
0,0,0.015,0.015
0,0,0.015,0
0,0,0.015,0
0,0,0.015,0
0,0,0.015,0
0,0,0.015,0
0,0,0.015,0
0,0,0.015,0
0,0,0.015,0
0,0,0.015,0
0,0,0.015,0
0,0,0.015,0

New Participant,,
0,0,0.015,0.015
0,0,0.015,0
0,0,0.015,0
0,0,0.015,0
0,0,0.015,0
0,0,0.015,0
0,0,0.015,0
0,0,0.015,0
0,0,0.015,0

New Participant,,
0,0,0.015,0.015
0,0,0.015,0
0,0,0.015,0
0,0,0.015,0
0,0,0.015,0

0,0,0.015,0

New Participant,,
0,0,0.015,0.015
0,0,0.015,0
0,0,0.015,0
0,0,0.015,0
0,0,0.015,0
0,0,0.015,0
0,0,0.015,0
0,0,0.015,0
0,0,0.015,0
0,0,0.015,0
0,0,0.015,0
0,0,0.015,0
0,0,0.015,0
0,0,0.015,0
0,0,0.015,0
0,0,0.015,0
0,0,0.015,0
0,0,0.015,0
0,0,0.015,0
0,0,0.015,0
0,0,0.015,0
0,0,0.015,0
0,0,0.015,0
0,0,0.015,0

New Participant,,
0,0,0.015,0.015
0,0,0.015,0
0,0,0.015,0
0,0,0.015,0
0,0,0.015,0
0,0,0.015,0
0,0,0.015,0
0,0,0.015,0
0,0,0.015,0
0,0,0.015,0
0,0,0.015,0
0,0,0.015,0
0,0,0.015,0
0,0,0.015,0
0,0,0.015,0
0,0,0.015,0
0,0,0.015,0
0,0,0.015,0
0,0,0.015,0
0,0,0.015,0
0,0,0.015,0
0,0,0.015,0

New Participant,,
0,0,0.015,0.015
0,0,0.015,0
0,0,0.015,0
0,0,0.015,0
0,0,0.015,0
0,0,0.015,0
0,0,0.015,0
0,0,0.015,0
0,0,0.015,0
0,0,0.015,0
0,0,0.015,0
0,0,0.015,0

New Participant,,
0,0,0.015,0.015
0,0,0.015,0
0,0,0.015,0
0,0,0.015,0

New Participant,,
0,0,0.015,0.015
0,0,0.015,0
0,0,0.015,0
0,0,0.015,0
0,0,0.015,0
0,0,0.015,0
0,0,0.015,0

New Participant,,
0,0,0.015,0.015
0,0,0.015,0
0,0,0.015,0
0,0,0.015,0
0,0,0.015,0
0,0,0.015,0
0,0,0.015,0
0,0,0.015,0
0,0,0.015,0

New Participant,,
0,0,0.015,0.015
0,0,0.015,0
0,0,0.015,0
0,0,0.015,0
0,0,0.015,0
0,0,0.015,0
0,0,0.015,0
0,0,0.015,0
0,0,0.015,0
0,0,0.015,0
0,0,0.015,0
0,0,0.015,0
0,0,0.015,0
0,0,0.015,0
0,0,0.015,0
0,0,0.015,0
0,0,0.015,0
0,0,0.015,0
0,0,0.015,0
0,0,0.015,0
0,0,0.015,0
0,0,0.015,0
0,0,0.015,0
0,0,0.015,0
0,0,0.015,0
0,0,0.015,0
0,0,0.015,0
0,0,0.015,0
0,0,0.015,0
0,0,0.015,0
0,0,0.015,0
0,0,0.015,0
0,0,0.015,0
0,0,0.015,0
0,0,0.015,0
0,0,0.015,0
0,0,0.015,0
0,0,0.015,0
0,0,0.015,0
0,0,0.015,0
0,0,0.015,0
0,0,0.015,0
0,0,0.015,0
0,0,0.015,0

New Participant,,
0,0,0.015,0.015
1.587028,1.706965,1.121373,-1.934611
1.558694,1.699919,1.135015,-0.031448
1.399083,1.655882,1.074533,0.1706857
1.43294,1.656272,1.090893,0.03760253
1.429883,1.6626,1.097373,0.007164599
1.416485,1.607398,1.107656,0.01688934
1.421424,1.617378,1.106893,0.004997576
1.429502,1.644706,1.104689,0.008373499
1.429765,1.643135,1.104226,0.0005322432
1.429933,1.643444,1.102845,0.001391378
1.429088,1.643558,1.102408,0.0009512271
1.428191,1.642238,1.101519,0.001262816
1.430094,1.644203,1.101545,0.001902513
1.420642,1.640254,1.102327,0.00948422
1.436255,1.699089,1.145525,0.04593249
1.400239,1.670789,1.134554,0.03765038
1.400767,1.666574,1.126106,0.008464644
1.397079,1.671709,1.140706,0.01505872

